City_ID,City,Country,Date,Lat,Lng,Max Temp,Humidity,Cloudiness,Wind Speed
0,Cape Town,ZA,2022-04-10 00:52:10,-33.9258,18.4232,62.11,74,0,9.22
1,Fairbanks,US,2022-04-10 00:51:31,64.8378,-147.7164,20.61,41,0,5.75
2,San Quintin,MX,2022-04-10 00:53:07,30.4833,-115.95,67.06,70,100,5.59
3,Tuktoyaktuk,CA,2022-04-10 00:53:07,69.4541,-133.0374,5.0,78,75,18.41
4,Chegdomyn,RU,2022-04-10 00:53:08,51.1167,133.0167,34.95,95,100,2.59
5,Dikson,RU,2022-04-10 00:53:08,73.5069,80.5464,7.25,97,97,6.2
6,Carnarvon,AU,2022-04-10 00:53:08,-24.8667,113.6333,69.87,56,100,13.8
7,Rikitea,PF,2022-04-10 00:51:57,-23.1203,-134.9692,79.09,71,7,17.58
8,Ushuaia,AR,2022-04-10 00:53:09,-54.8,-68.3,47.86,71,40,19.57
9,Petropavlovsk-Kamchatskiy,RU,2022-04-10 00:53:09,53.0452,158.6483,36.19,35,0,4.47
10,Punta Arenas,CL,2022-04-10 00:50:45,-53.15,-70.9167,44.71,87,75,11.5
11,Busselton,AU,2022-04-10 00:50:52,-33.65,115.3333,62.64,77,100,16.58
12,Igbon,PH,2022-04-10 00:53:10,11.2142,123.1655,76.35,86,100,9.75
13,Springfield,US,2022-04-10 00:48:37,37.2153,-93.2982,62.46,22,0,8.05
14,Kaohsiung,TW,2022-04-10 00:53:10,22.6163,120.3133,80.55,67,40,2.3
15,Thinadhoo,MV,2022-04-10 00:53:11,0.5333,72.9333,83.73,67,71,10.16
16,Vostok,RU,2022-04-10 00:50:10,46.4856,135.8833,42.78,68,100,4.12
17,Mehamn,NO,2022-04-10 00:53:11,71.0357,27.8492,34.39,84,100,18.92
18,Kalulushi,ZM,2022-04-10 00:53:12,-12.8378,28.0919,58.91,98,94,3.76
19,Spalding,US,2022-04-10 00:53:12,33.2668,-84.2833,51.48,57,0,3.44
20,Jati,PK,2022-04-10 00:53:12,24.3539,68.2671,77.7,74,99,10.74
21,Houma,US,2022-04-10 00:53:12,29.5958,-90.7195,66.2,42,0,8.05
22,Atuona,PF,2022-04-10 00:52:17,-9.8,-139.0333,79.52,73,13,19.95
23,Piste,MX,2022-04-10 00:53:13,20.7,-88.5833,71.29,50,21,7.85
24,Albany,US,2022-04-10 00:50:39,42.6001,-73.9662,43.21,85,11,4.97
25,Kashi,CN,2022-04-10 00:53:13,39.4547,75.9797,67.21,26,75,13.42
26,San Carlos De Bariloche,AR,2022-04-10 00:53:14,-41.1456,-71.3082,44.35,70,75,16.11
27,Pasighat,IN,2022-04-10 00:53:14,28.0667,95.3333,72.37,73,100,1.01
28,Ancud,CL,2022-04-10 00:53:14,-41.8697,-73.8203,46.22,83,27,5.08
29,Saint-Philippe,RE,2022-04-10 00:53:15,-21.3585,55.7679,76.59,84,59,11.9
30,Ugoofaaru,MV,2022-04-10 00:53:15,5.6667,73.0,84.74,72,100,12.01
31,Port Keats,AU,2022-04-10 00:53:15,-14.25,129.55,87.01,46,30,2.89
32,Hobart,AU,2022-04-10 00:52:18,-42.8794,147.3294,76.05,49,75,10.36
33,Zyryanka,RU,2022-04-10 00:53:16,65.75,150.85,-0.35,89,100,7.87
34,Khatanga,RU,2022-04-10 00:53:16,71.9667,102.5,4.59,96,100,0.74
35,East London,ZA,2022-04-10 00:53:16,-33.0153,27.9116,64.42,85,95,12.21
36,Ostrovnoy,RU,2022-04-10 00:53:17,68.0531,39.5131,29.53,86,13,13.62
37,Kavieng,PG,2022-04-10 00:53:17,-2.5744,150.7967,84.25,68,100,6.73
38,Vaini,TO,2022-04-10 00:50:46,-21.2,-175.2,82.56,78,20,9.22
39,Qaanaaq,GL,2022-04-10 00:53:17,77.484,-69.3632,-1.48,80,100,4.9
40,San Cristobal,VE,2022-04-10 00:53:18,7.7669,-72.225,77.18,72,60,2.26
41,Noumea,NC,2022-04-10 00:53:18,-22.2763,166.4572,82.38,99,91,11.95
42,Portmore,JM,2022-04-10 00:53:18,17.9702,-76.8672,82.36,84,75,8.05
43,Hermanus,ZA,2022-04-10 00:50:45,-34.4187,19.2345,60.8,87,0,14.14
44,Port Alfred,ZA,2022-04-10 00:53:19,-33.5906,26.891,62.19,96,100,5.99
45,Norman Wells,CA,2022-04-10 00:52:19,65.282,-126.8329,15.84,57,40,19.57
46,Mataura,NZ,2022-04-10 00:50:38,-46.1927,168.8643,61.2,51,7,4.79
47,Leh,IN,2022-04-10 00:54:19,34.1667,77.5833,25.99,73,15,5.59
48,Nikolskoye,RU,2022-04-10 00:54:20,59.7035,30.7861,33.71,99,50,5.26
49,Fairborn,US,2022-04-10 00:54:20,39.8209,-84.0194,40.33,71,100,11.5
50,Talnakh,RU,2022-04-10 00:54:20,69.4865,88.3972,-3.8,96,99,2.68
51,Qaqortoq,GL,2022-04-10 00:54:21,60.7167,-46.0333,27.66,70,100,3.87
52,Sambava,MG,2022-04-10 00:54:21,-14.2667,50.1667,73.44,88,99,9.28
53,Oussouye,SN,2022-04-10 00:54:21,12.485,-16.5469,75.38,66,4,8.93
54,Bluff,NZ,2022-04-10 00:54:22,-46.6,168.3333,58.1,73,7,23.85
55,Severo-Kurilsk,RU,2022-04-10 00:51:58,50.6789,156.125,31.23,75,100,7.49
56,Kahului,US,2022-04-10 00:52:14,20.8947,-156.47,82.42,72,40,21.85
57,Berdigestyakh,RU,2022-04-10 00:54:22,62.0989,126.6992,24.4,82,91,8.88
58,New Norfolk,AU,2022-04-10 00:53:30,-42.7826,147.0587,75.7,32,100,9.51
59,Souillac,MU,2022-04-10 00:54:23,-20.5167,57.5167,77.38,83,40,8.05
60,Methoni,GR,2022-04-10 00:54:23,36.8197,21.7049,56.21,84,91,4.34
61,Saint George,US,2022-04-10 00:52:34,37.1041,-113.5841,84.94,9,0,25.32
62,Qingdao,CN,2022-04-10 00:54:23,36.0986,120.3719,64.0,59,0,11.18
63,Clyde River,CA,2022-04-10 00:50:37,70.4692,-68.5914,1.63,85,100,3.44
64,Kedgwick,CA,2022-04-10 00:54:24,47.6446,-67.3434,34.57,100,100,3.78
65,Yellowknife,CA,2022-04-10 00:50:25,62.456,-114.3525,27.12,59,40,21.85
66,Surab,PK,2022-04-10 00:54:24,28.4914,66.2585,63.18,13,4,3.27
67,Paramonga,PE,2022-04-10 00:54:25,-10.6667,-77.8333,68.9,87,98,7.61
68,Avarua,CK,2022-04-10 00:50:13,-21.2078,-159.775,84.25,79,40,6.91
69,Castro,BR,2022-04-10 00:54:25,-24.7911,-50.0119,64.85,90,100,2.51
70,Birjand,IR,2022-04-10 00:54:25,32.8663,59.2211,66.67,14,71,16.11
71,Leningradskiy,RU,2022-04-10 00:54:26,69.3833,178.4167,-6.0,86,100,5.97
72,Grand-Santi,GF,2022-04-10 00:54:26,4.25,-54.3833,72.93,99,70,1.81
73,Provideniya,RU,2022-04-10 00:54:26,64.3833,-173.3,32.94,96,100,17.0
74,Altay,CN,2022-04-10 00:54:27,47.8667,88.1167,33.4,60,0,5.03
75,Liverpool,GB,2022-04-10 00:51:21,53.4106,-2.9779,37.81,83,0,4.61
76,Madimba,TZ,2022-04-10 00:54:27,-10.4,40.3333,75.11,91,36,8.23
77,Mogadishu,SO,2022-04-10 00:50:30,2.0371,45.3438,81.1,73,100,10.09
78,Banjar,ID,2022-04-10 00:54:27,-8.19,114.9675,83.71,72,8,0.85
79,San Patricio,US,2022-04-10 00:54:28,28.017,-97.5169,77.54,51,92,20.94
80,Masyaf,SY,2022-04-10 00:54:28,35.0653,36.3406,51.22,63,77,3.53
81,Weinan,CN,2022-04-10 00:54:28,34.5036,109.5089,72.21,40,0,3.65
82,Abu Kamal,SY,2022-04-10 00:54:29,34.4506,40.9171,64.22,36,100,1.86
83,Lavrentiya,RU,2022-04-10 00:54:29,65.5833,-171.0,25.27,94,99,5.86
84,Ust-Kan,RU,2022-04-10 00:54:29,50.9276,84.761,15.31,91,21,2.26
85,Puerto Del Rosario,ES,2022-04-10 00:54:30,28.5004,-13.8627,62.35,77,0,6.91
86,Hithadhoo,MV,2022-04-10 00:54:30,-0.6,73.0833,83.14,74,26,10.6
87,Kaitangata,NZ,2022-04-10 00:54:30,-46.2817,169.8464,62.06,53,6,8.57
88,Pisco,PE,2022-04-10 00:54:31,-13.7,-76.2167,68.05,83,0,6.91
89,Tall Kayf,TR,2022-04-10 00:54:31,37.0833,41.0667,54.88,52,13,4.56
90,Barrow,US,2022-04-10 00:53:13,71.2906,-156.7887,-4.72,87,100,8.28
91,Flagstaff,US,2022-04-10 00:54:56,35.1981,-111.6513,68.09,14,0,28.77
92,Tiksi,RU,2022-04-10 00:55:31,71.6872,128.8694,-8.25,95,67,6.67
93,Lloret De Mar,ES,2022-04-10 00:55:32,41.6999,2.8457,56.89,91,100,3.85
94,Cockburn Town,TC,2022-04-10 00:55:24,21.4612,-71.1419,78.76,73,20,11.5
95,Cherskiy,RU,2022-04-10 00:55:32,68.75,161.3,-0.56,88,100,4.0
96,Morki,RU,2022-04-10 00:55:32,56.4303,48.9947,36.82,99,100,4.18
97,Bredasdorp,ZA,2022-04-10 00:55:33,-34.5322,20.0403,60.76,90,15,14.29
98,Mahebourg,MU,2022-04-10 00:55:33,-20.4081,57.7,77.29,83,40,8.05
99,Fernandez,AR,2022-04-10 00:55:33,-27.9204,-63.8935,73.85,75,100,6.62
100,Vilyuysk,RU,2022-04-10 00:55:34,63.7553,121.6247,21.56,90,100,5.37
101,Jining,CN,2022-04-10 00:55:34,35.405,116.5814,75.4,46,0,13.62
102,Santa Isabel Do Rio Negro,BR,2022-04-10 00:55:34,-0.4139,-65.0192,73.22,99,99,1.81
103,Zolotukhino,RU,2022-04-10 00:55:35,52.0842,36.3772,53.67,85,100,12.59
104,Azoyu,MX,2022-04-10 00:55:35,16.7167,-98.7333,79.12,61,14,4.29
105,Tarko-Sale,RU,2022-04-10 00:55:35,64.9225,77.785,2.77,89,100,4.29
106,Kathu,TH,2022-04-10 00:55:36,7.9178,98.3332,86.76,73,7,1.25
107,Kodiak,US,2022-04-10 00:55:36,57.79,-152.4072,36.39,36,0,5.57
108,Caucaia,BR,2022-04-10 00:55:37,-3.7361,-38.6531,80.55,83,40,2.3
109,Klaksvik,FO,2022-04-10 00:55:37,62.2266,-6.589,34.72,64,100,19.75
110,Mayo,US,2022-04-10 00:55:37,38.8876,-76.5119,52.14,53,100,6.91
111,Narsaq,GL,2022-04-10 00:55:37,60.9167,-46.05,25.81,60,100,5.7
112,Coahuayana,MX,2022-04-10 00:55:38,18.7333,-103.6833,77.49,70,54,4.05
113,Port Elizabeth,ZA,2022-04-10 00:55:38,-33.918,25.5701,65.1,96,75,16.11
114,Ilulissat,GL,2022-04-10 00:55:38,69.2167,-51.1,0.97,91,88,6.71
115,Parana,AR,2022-04-10 00:55:39,-31.732,-60.5238,72.52,93,0,7.38
116,Toora-Khem,RU,2022-04-10 00:55:39,52.4675,96.11,28.17,68,92,8.59
117,Saint-Pierre,RE,2022-04-10 00:55:39,-21.3393,55.4781,76.68,80,100,11.5
118,Ponta Delgada,PT,2022-04-10 00:55:40,37.7333,-25.6667,56.12,76,40,26.46
119,Soure,BR,2022-04-10 00:55:40,-0.7167,-48.5233,75.04,93,100,6.6
120,Thompson,CA,2022-04-10 00:55:40,55.7435,-97.8558,33.96,93,100,10.36
121,Qandala,SO,2022-04-10 00:55:41,11.472,49.8728,81.55,60,100,4.94
122,Neiafu,TO,2022-04-10 00:55:41,-18.65,-173.9833,84.88,79,40,6.91
123,Hamilton,US,2022-04-10 00:55:13,39.1834,-84.5333,41.63,68,86,4.72
124,Nuuk,GL,2022-04-10 00:55:41,64.1835,-51.7216,15.39,82,100,5.12
125,Ormara,PK,2022-04-10 00:55:42,25.2088,64.6357,79.75,77,98,13.38
126,Mitsamiouli,KM,2022-04-10 00:55:42,-11.3847,43.2844,82.26,73,6,5.3
127,Havre,FR,2022-04-10 00:55:42,49.5833,0.3333,40.77,81,0,4.61
128,Jamestown,US,2022-04-10 00:55:43,42.097,-79.2353,34.72,46,75,6.91
129,Tual,ID,2022-04-10 00:55:43,-5.6667,132.75,83.98,74,18,15.17
130,Faanui,PF,2022-04-10 00:55:43,-16.4833,-151.75,82.33,73,23,15.68
131,Kanigoro,ID,2022-04-10 00:55:44,-8.13,112.219,79.32,81,89,1.39
132,Bayanday,RU,2022-04-10 00:55:44,53.0661,105.5139,30.88,73,100,13.13
133,Geraldton,AU,2022-04-10 00:53:37,-28.7667,114.6,64.81,72,75,12.66
134,Georgetown,MY,2022-04-10 00:55:44,5.4112,100.3354,82.33,93,20,5.01
135,Saskylakh,RU,2022-04-10 00:55:45,71.9167,114.0833,-3.14,91,15,2.21
136,Sabang,ID,2022-04-10 00:55:45,5.8933,95.3214,82.49,71,100,1.7
137,Kerouane,GN,2022-04-10 00:55:45,9.2667,-9.0167,78.91,63,85,7.02
138,Viedma,AR,2022-04-10 00:56:46,-40.8135,-62.9967,63.01,85,100,17.29
139,Codrington,AU,2022-04-10 00:56:46,-38.2667,141.9667,77.43,41,100,17.47
140,Kastamonu,TR,2022-04-10 00:56:46,41.5,33.6667,48.25,67,100,2.71
141,Buala,SB,2022-04-10 00:56:46,-8.145,159.5921,85.55,67,61,5.53
142,Diego De Almagro,CL,2022-04-10 00:56:47,-26.3667,-70.05,60.48,51,0,0.98
143,Sulina,RO,2022-04-10 00:56:47,45.1559,29.6536,54.16,72,18,3.91
144,Lompoc,US,2022-04-10 00:56:47,34.6391,-120.4579,79.57,64,0,35.99
145,Awbari,LY,2022-04-10 00:56:48,26.5921,12.7805,72.77,21,0,5.03
146,Kapaa,US,2022-04-10 00:56:48,22.0752,-159.319,78.12,76,97,5.99
147,Kadyy,RU,2022-04-10 00:56:48,57.787,43.1903,39.33,99,100,5.91
148,Torbay,CA,2022-04-10 00:52:31,47.6666,-52.7314,35.28,96,100,20.71
149,Suntar,RU,2022-04-10 00:56:49,62.1444,117.6319,24.84,85,40,3.24
150,Aripuana,BR,2022-04-10 00:56:49,-9.1667,-60.6333,73.99,97,100,0.85
151,Puerto El Triunfo,SV,2022-04-10 00:56:49,13.2833,-88.55,85.91,60,100,2.48
152,Sorland,NO,2022-04-10 00:56:50,67.667,12.6934,39.78,81,100,16.08
153,Tukrah,LY,2022-04-10 00:56:50,32.5341,20.5791,59.11,55,0,5.21
154,Mount Gambier,AU,2022-04-10 00:55:36,-37.8333,140.7667,73.31,49,100,13.8
155,Kanye,BW,2022-04-10 00:56:50,-24.9667,25.3327,53.1,98,100,10.54
156,Zapolyarnyy,RU,2022-04-10 00:56:51,69.4154,30.8136,33.08,93,21,6.67
157,Luderitz,NA,2022-04-10 00:56:51,-26.6481,15.1594,63.59,64,0,5.66
158,Butaritari,KI,2022-04-10 00:53:30,3.0707,172.7902,80.71,80,95,13.53
159,Henties Bay,NA,2022-04-10 00:56:51,-22.116,14.2845,60.78,78,0,4.7
160,Chuy,UY,2022-04-10 00:56:52,-33.6971,-53.4616,65.03,91,26,8.37
161,Dalbandin,PK,2022-04-10 00:56:52,28.8947,64.4101,74.88,10,48,1.03
162,Arauca,CO,2022-04-10 00:56:52,7.0847,-70.7591,86.0,65,82,8.05
163,Niquero,CU,2022-04-10 00:56:53,20.0431,-77.5828,76.71,81,26,19.39
164,Yarmouth,US,2022-04-10 00:56:53,41.7057,-70.2286,48.96,91,0,5.01
165,Jiangyou,CN,2022-04-10 00:56:53,31.7667,104.7167,70.29,59,1,2.86
166,Casablanca,MA,2022-04-10 00:56:45,33.5928,-7.6192,62.33,77,38,10.0
167,Avera,US,2022-04-10 00:56:54,33.194,-82.5271,47.71,54,25,6.31
168,Arraial Do Cabo,BR,2022-04-10 00:56:54,-22.9661,-42.0278,76.53,90,96,10.78
169,Moctezuma,MX,2022-04-10 00:56:54,29.8,-109.6667,83.66,17,0,17.69
170,Olafsvik,IS,2022-04-10 00:56:55,64.8945,-23.7142,38.12,93,100,29.3
171,Pacific Grove,US,2022-04-10 00:53:11,36.6177,-121.9166,74.44,67,0,16.11
172,Samana,DO,2022-04-10 00:56:55,19.2056,-69.3369,74.8,81,49,5.93
173,Hilo,US,2022-04-10 00:53:35,19.7297,-155.09,73.13,93,100,11.01
174,Kruisfontein,ZA,2022-04-10 00:56:56,-34.0033,24.7314,62.89,94,65,8.03
175,Marysville,US,2022-04-10 00:53:27,48.0518,-122.1771,49.96,60,40,17.27
176,Ribeira Grande,PT,2022-04-10 00:56:56,38.5167,-28.7,56.62,67,29,35.5
177,Were Ilu,ET,2022-04-10 00:56:56,10.6,39.4333,51.28,55,9,4.72
178,Sovkhoznyy,RU,2022-04-10 00:56:57,45.2946,38.1138,47.48,80,43,6.85
179,Okhotsk,RU,2022-04-10 00:56:57,59.3833,143.3,24.69,87,100,5.26
180,Mount Isa,AU,2022-04-10 00:56:57,-20.7333,139.5,92.97,29,8,12.66
181,Nantucket,US,2022-04-10 00:56:58,41.2835,-70.0995,46.99,91,0,20.2
182,Varkaus,FI,2022-04-10 00:56:58,62.3153,27.873,29.3,81,23,9.44
183,Cabo San Lucas,MX,2022-04-10 00:56:58,22.8909,-109.9124,80.62,65,1,11.99
184,Belyy Yar,RU,2022-04-10 00:56:59,53.6039,91.3903,32.86,81,40,6.71
185,Gravelbourg,CA,2022-04-10 00:56:59,49.8834,-106.5512,44.87,42,100,12.01
186,Adrar,MR,2022-04-10 00:57:59,20.5022,-10.0711,76.44,8,0,8.08
187,Thunder Bay,CA,2022-04-10 00:56:52,48.4001,-89.3168,42.78,58,20,5.75
188,Prince Rupert,CA,2022-04-10 00:58:00,54.3161,-130.3201,40.69,87,20,3.44
189,Kavaratti,IN,2022-04-10 00:58:00,10.5669,72.642,83.05,75,100,6.31
190,Pontianak,ID,2022-04-10 00:58:00,-0.0333,109.3333,76.98,88,20,4.61
191,Fortuna,US,2022-04-10 00:58:00,40.5982,-124.1573,55.85,69,40,23.02
192,Kholodnyy,RU,2022-04-10 00:58:01,62.7167,147.95,3.16,67,100,5.12
193,Bonavista,CA,2022-04-10 00:58:01,48.6499,-53.1147,33.4,98,100,18.32
194,Kieta,PG,2022-04-10 00:54:36,-6.2167,155.6333,85.35,64,37,3.87
195,Airai,TL,2022-04-10 00:54:47,-8.9266,125.4092,71.58,46,99,2.84
196,Esperance,AU,2022-04-10 00:58:02,-33.8667,121.9,58.84,60,68,11.68
197,Baker City,US,2022-04-10 00:56:03,44.7749,-117.8344,40.59,50,93,13.53
198,Tihuatlan,MX,2022-04-10 00:58:02,20.7167,-97.5333,70.38,71,14,14.25
199,Freeport,US,2022-04-10 00:56:12,40.6576,-73.5832,52.02,66,69,1.01
200,Trairi,BR,2022-04-10 00:58:02,-3.2778,-39.2689,76.91,87,100,4.23
201,Kokkola,FI,2022-04-10 00:58:03,63.8385,23.1307,28.56,91,40,5.75
202,Lokosovo,RU,2022-04-10 00:58:03,61.1333,74.8167,2.35,96,100,1.88
203,Asfi,MA,2022-04-10 00:55:13,32.2994,-9.2372,61.32,70,62,11.61
204,Along,IN,2022-04-10 00:58:04,28.1667,94.7667,68.23,88,100,0.78
205,Pevek,RU,2022-04-10 00:58:04,69.7008,170.3133,-9.13,88,14,3.44
206,Ledyard,US,2022-04-10 00:58:04,41.4398,-72.0142,48.47,74,6,5.41
207,Ust-Kuyga,RU,2022-04-10 00:58:05,70.0167,135.6,2.12,68,3,4.65
208,Saint-Joseph,RE,2022-04-10 00:58:05,-21.3667,55.6167,75.58,83,31,12.46
209,Ibra,OM,2022-04-10 00:58:05,22.6906,58.5334,76.91,34,41,2.51
210,Longyearbyen,SJ,2022-04-10 00:54:28,78.2186,15.6401,19.24,68,40,20.71
211,Saint-Augustin,CA,2022-04-10 00:58:06,51.226,-58.6502,32.79,99,100,6.42
212,Brae,GB,2022-04-10 00:55:45,60.3964,-1.353,36.84,58,100,18.95
213,Abha,SA,2022-04-10 00:58:06,18.2164,42.5053,60.62,41,0,0.0
214,Sola,VU,2022-04-10 00:58:06,-13.8833,167.55,86.67,74,75,4.61
215,Bom Jesus,BR,2022-04-10 00:58:07,-9.0744,-44.3586,75.33,49,45,3.31
216,Lasa,IT,2022-04-10 00:58:07,46.6166,10.7002,32.68,91,42,6.55
217,Dudinka,RU,2022-04-10 00:58:07,69.4058,86.1778,-3.39,99,100,4.52
218,Berezanskaya,RU,2022-04-10 00:58:08,45.7056,39.5932,47.84,79,19,8.16
219,Bechem,GH,2022-04-10 00:58:08,7.0903,-2.025,69.73,95,100,2.73
220,Hami,CN,2022-04-10 00:58:08,42.8,93.45,59.27,17,100,9.1
221,Ponta Do Sol,PT,2022-04-10 00:58:09,32.6667,-17.1,61.0,75,54,5.99
222,Sao Filipe,CV,2022-04-10 00:58:09,14.8961,-24.4956,74.77,68,8,12.8
223,Cajamarca,PE,2022-04-10 00:58:09,-7.1638,-78.5003,55.54,98,100,2.26
224,Namatanai,PG,2022-04-10 00:54:41,-3.6667,152.4333,85.28,66,89,5.86
225,Road Town,VG,2022-04-10 00:58:10,18.4167,-64.6167,77.04,83,75,8.05
226,Gedo,ET,2022-04-10 00:58:10,9.0167,37.45,57.92,60,100,2.57
227,Kenai,US,2022-04-10 00:58:10,60.5544,-151.2583,38.03,52,0,8.39
228,Lagoa,PT,2022-04-10 00:58:11,39.05,-27.9833,55.35,71,100,38.12
229,Barvinkove,UA,2022-04-10 00:58:11,48.9097,37.0205,49.6,74,100,14.76
230,Vao,NC,2022-04-10 00:58:11,-22.6667,167.4833,77.81,81,94,22.08
231,Tura,IN,2022-04-10 00:57:19,25.5198,90.2201,71.92,89,2,3.76
232,Bambous Virieux,MU,2022-04-10 00:55:10,-20.3428,57.7575,77.25,83,40,8.05
233,Aklavik,CA,2022-04-10 00:58:12,68.2191,-135.0107,8.44,87,100,11.83
234,Male,MV,2022-04-10 00:58:12,4.1748,73.5089,84.24,72,68,11.9
235,Woodburn,US,2022-04-10 00:59:13,45.1437,-122.8554,52.11,56,76,11.01
236,Ust-Maya,RU,2022-04-10 00:59:13,60.4167,134.5333,29.1,78,100,6.67
237,Hungund,IN,2022-04-10 00:59:13,16.0667,76.05,82.56,54,100,4.79
238,Los Llanos De Aridane,ES,2022-04-10 00:59:14,28.6585,-17.9182,58.75,67,75,3.44
239,Paidha,UG,2022-04-10 00:59:14,2.4167,30.9855,68.58,55,100,3.2
240,Ossora,RU,2022-04-10 00:59:14,59.2353,163.0719,27.43,72,100,0.38
241,Belem De Sao Francisco,BR,2022-04-10 00:59:14,-8.7539,-38.9658,79.16,65,37,14.54
242,Medveda,RU,2022-04-10 00:59:15,56.5081,92.4078,32.18,92,99,7.52
243,Kaeo,NZ,2022-04-10 00:59:15,-35.1,173.7833,69.33,74,90,9.33
244,Dillon,US,2022-04-10 00:59:16,34.4166,-79.3712,47.03,59,84,9.42
245,Grand Gaube,MU,2022-04-10 00:59:16,-20.0064,57.6608,77.4,86,8,1.99
246,Krasnyy Oktyabr,RU,2022-04-10 00:59:16,56.1167,38.8833,43.0,91,100,11.34
247,Katsuura,JP,2022-04-10 00:59:16,35.1333,140.3,66.52,68,0,4.76
248,Balezino,RU,2022-04-10 00:59:17,57.9796,53.0106,36.07,100,100,7.49
249,Yerbogachen,RU,2022-04-10 00:59:17,61.2767,108.0108,23.47,86,14,8.88
250,Emilio Carranza,MX,2022-04-10 00:59:17,19.9711,-96.6114,72.48,73,68,18.72
251,Saldanha,ZA,2022-04-10 00:59:18,-33.0117,17.9442,62.65,57,0,10.33
252,Zima,RU,2022-04-10 00:59:18,53.9202,102.0442,33.06,74,40,11.9
253,Khandbari,NP,2022-04-10 00:59:18,27.3747,87.2039,66.79,75,59,1.07
254,Severnoye,RU,2022-04-10 00:59:19,56.3491,78.3619,20.01,95,97,3.69
255,Sauda,NO,2022-04-10 00:59:19,59.6506,6.3542,39.69,94,100,8.43
256,Upernavik,GL,2022-04-10 00:59:19,72.7868,-56.1549,-6.75,99,27,3.87
257,Conde,BR,2022-04-10 00:56:48,-7.2597,-34.9075,78.26,89,20,5.75
258,Kalmunai,LK,2022-04-10 00:59:20,7.4167,81.8167,78.44,84,100,5.57
259,Marshall,US,2022-04-10 00:59:20,34.3834,-86.3333,55.71,30,0,8.05
260,Buraydah,SA,2022-04-10 00:59:20,26.326,43.975,73.85,14,41,8.55
261,Rio Branco Do Sul,BR,2022-04-10 00:59:21,-25.19,-49.3142,68.02,98,51,3.4
262,Sakakah,SA,2022-04-10 00:59:21,29.9697,40.2064,65.77,25,0,7.65
263,Luena,AO,2022-04-10 00:59:22,-11.7833,19.9167,62.82,97,100,3.56
264,Sur,OM,2022-04-10 00:59:22,22.5667,59.5289,86.2,40,100,7.31
265,Talaya,RU,2022-04-10 00:59:22,61.3833,152.75,6.04,81,100,7.16
266,Rantepao,ID,2022-04-10 00:59:23,-2.9701,119.8978,77.56,66,65,1.14
267,Corn Island,NI,2022-04-10 00:59:23,12.1694,-83.0418,81.39,75,96,22.5
268,Meulaboh,ID,2022-04-10 00:59:23,4.1363,96.1285,78.66,86,51,2.42
269,Tarrega,ES,2022-04-10 00:59:23,41.647,1.1396,52.14,92,100,4.72
270,Chor,PK,2022-04-10 00:59:24,25.5167,69.7667,77.99,60,97,9.42
271,Thornbury,GB,2022-04-10 00:59:24,52.2333,-2.55,36.68,87,98,0.89
272,Garmsar,IR,2022-04-10 00:59:25,35.2182,52.3409,66.69,30,1,4.43
273,Killybegs,IE,2022-04-10 00:59:25,54.6333,-8.45,41.61,77,100,8.72
274,Caravelas,BR,2022-04-10 00:59:25,-17.7125,-39.2481,76.17,83,10,5.73
275,Zabaykalsk,RU,2022-04-10 00:59:25,49.6333,117.3167,35.8,88,100,14.56
276,Beringovskiy,RU,2022-04-10 00:59:26,63.05,179.3167,34.09,83,77,24.4
277,Tongling,CN,2022-04-10 00:59:26,30.95,117.7833,73.99,46,100,5.08
278,Srandakan,ID,2022-04-10 00:59:26,-7.9386,110.2506,80.37,77,100,1.34
279,Agadez,NE,2022-04-10 00:59:27,19.75,10.25,81.93,7,0,9.91
280,Westport,US,2022-04-10 00:59:27,41.1415,-73.3579,49.89,76,11,3.0
281,Carauari,BR,2022-04-10 00:55:31,-4.8828,-66.8958,74.55,97,100,2.68
282,Chokurdakh,RU,2022-04-10 01:00:28,70.6333,147.9167,-5.75,94,98,4.27
283,Bengkulu,ID,2022-04-10 01:00:28,-3.8004,102.2655,80.01,76,45,2.28
284,Eaton Socon,GB,2022-04-10 01:00:28,52.2175,-0.2893,39.02,85,36,3.85
285,Lebu,CL,2022-04-10 01:00:29,-37.6167,-73.65,50.94,82,2,2.42
286,Mandalgovi,MN,2022-04-10 01:00:29,45.7625,106.2708,39.81,44,100,8.79
287,Mecca,SA,2022-04-10 00:59:37,21.4267,39.8261,81.09,31,0,5.93
288,Tasiilaq,GL,2022-04-10 01:00:29,65.6145,-37.6368,24.96,92,91,3.65
289,Boende,CD,2022-04-10 01:00:30,-0.2167,20.8667,69.98,98,100,3.38
290,Vardo,NO,2022-04-10 01:00:30,70.3705,31.1107,35.35,80,19,19.89
291,Emborion,GR,2022-04-10 01:00:30,40.4833,21.55,46.76,79,99,5.84
292,Port Blair,IN,2022-04-10 01:00:31,11.6667,92.75,81.79,75,100,0.13
293,Banda Aceh,ID,2022-04-10 01:00:31,5.5577,95.3222,80.67,77,99,3.33
294,Beloha,MG,2022-04-10 01:00:31,-25.1667,45.05,72.91,81,100,13.94
295,Alofi,NU,2022-04-10 01:00:32,-19.0595,-169.9187,81.41,73,28,4.83
296,Queenstown,ZA,2022-04-10 01:00:32,-31.8976,26.8753,52.66,96,100,2.1
297,Cururupu,BR,2022-04-10 01:00:32,-1.8283,-44.8683,74.25,98,100,3.69
298,Oil City,US,2022-04-10 01:00:33,41.4339,-79.7064,37.99,69,100,4.61
299,Kailaras,IN,2022-04-10 01:00:33,26.3167,77.6167,83.23,16,3,6.29
300,Portland,US,2022-04-10 00:59:14,45.5234,-122.6762,52.48,53,100,10.0
301,Ambon,ID,2022-04-10 01:00:33,-3.6954,128.1814,84.34,74,40,2.3
302,Talakan,RU,2022-04-10 01:00:34,50.3167,130.3667,35.6,93,100,8.84
303,Sisimiut,GL,2022-04-10 01:00:34,66.9395,-53.6735,14.22,79,99,6.67
304,Sesheke,ZM,2022-04-10 01:00:34,-17.4759,24.2968,63.21,87,100,4.74
305,Egvekinot,RU,2022-04-10 01:00:35,66.3167,-179.1667,13.71,91,100,3.94
306,Arkhipo-Osipovka,RU,2022-04-10 01:00:35,44.37,38.52,49.14,85,33,4.09
307,Marawi,PH,2022-04-10 01:00:35,7.9986,124.2928,73.87,80,100,1.77
308,Manokwari,ID,2022-04-10 01:00:36,-0.8667,134.0833,79.99,81,100,3.29
309,Lata,PT,2022-04-10 01:00:36,40.1629,-8.3327,52.92,96,98,3.31
310,Dwarka,IN,2022-04-10 01:00:36,22.2394,68.9678,79.21,81,0,10.29
311,Salinopolis,BR,2022-04-10 01:00:37,-0.6136,-47.3561,75.76,92,100,3.44
312,Makakilo City,US,2022-04-10 01:00:37,21.3469,-158.0858,79.61,63,88,15.5
313,Ouargaye,BF,2022-04-10 01:00:38,11.5033,0.0572,90.25,40,89,14.83
314,Chernyshevskiy,RU,2022-04-10 00:57:08,63.0128,112.4714,19.44,93,97,3.49
315,Hervey Bay,AU,2022-04-10 01:00:38,-25.2986,152.8535,81.01,72,74,7.0
316,Lorengau,PG,2022-04-10 01:00:39,-2.0226,147.2712,83.79,74,59,7.83
317,Vallenar,CL,2022-04-10 01:00:39,-28.5708,-70.7581,64.4,61,0,2.55
318,Terra Santa,BR,2022-04-10 01:00:39,-2.1042,-56.4869,75.22,97,78,2.57
319,Piedras Negras,MX,2022-04-10 01:00:40,28.7,-100.5167,85.26,24,57,17.58
320,Atambua,ID,2022-04-10 01:00:40,-9.1061,124.8925,81.16,60,21,1.03
321,Kiunga,PG,2022-04-10 01:00:40,-6.1219,141.2906,78.42,86,97,2.3
322,Mahina,PF,2022-04-10 01:00:41,-17.5065,-149.489,87.57,58,20,16.11
323,Orange Cove,US,2022-04-10 01:00:41,36.6244,-119.3137,79.68,30,0,8.88
324,Port Hawkesbury,CA,2022-04-10 01:00:41,45.6169,-61.3485,45.18,98,75,4.61
325,Kloulklubed,PW,2022-04-10 01:00:42,7.0419,134.2556,83.25,79,100,19.57
326,Rio Grande,BR,2022-04-10 00:58:44,-32.035,-52.0986,68.95,91,0,10.6
327,Poum,NC,2022-04-10 01:01:42,-20.2333,164.0167,80.04,78,22,17.43
328,Teguldet,RU,2022-04-10 01:01:42,57.3064,88.1667,25.7,94,100,7.63
329,Bambanglipuro,ID,2022-04-10 01:01:43,-7.95,110.2833,80.24,77,100,0.98
330,Aubenas,FR,2022-04-10 01:01:43,44.6201,4.3899,39.45,80,3,6.06
331,Manacapuru,BR,2022-04-10 01:01:43,-3.2997,-60.6206,75.22,93,65,2.71
332,Katangli,RU,2022-04-10 01:01:44,51.7102,143.2326,29.64,78,13,1.63
333,Port Hedland,AU,2022-04-10 01:01:44,-20.3167,118.5667,87.85,42,8,1.14
334,Jackson,US,2022-04-10 00:58:42,42.4165,-122.8345,55.74,31,63,7.0
335,Nishihara,JP,2022-04-10 01:01:44,26.1842,127.7558,74.86,89,100,12.66
336,Jiazi,CN,2022-04-10 01:01:45,22.8779,116.067,73.02,67,10,10.4
337,Bathsheba,BB,2022-04-10 01:01:45,13.2167,-59.5167,78.44,70,100,18.1
338,Plettenberg Bay,ZA,2022-04-10 01:01:45,-34.0527,23.3716,59.63,85,5,7.31
339,Yuli,NG,2022-04-10 01:01:46,9.6989,10.2744,79.18,58,100,8.19
340,Pangnirtung,CA,2022-04-10 01:01:46,66.1451,-65.7125,14.92,89,100,3.58
341,Cairns,AU,2022-04-10 01:00:42,-16.9167,145.7667,91.06,69,40,17.27
342,Saint Anthony,US,2022-04-10 00:58:30,45.0205,-93.218,52.3,29,75,6.91
343,Kankon,IN,2022-04-10 01:01:46,15.0167,74.0167,84.0,82,100,1.95
344,San Ciro De Acosta,MX,2022-04-10 01:01:47,21.6333,-99.8167,70.95,45,0,11.05
345,Salalah,OM,2022-04-10 01:01:47,17.0151,54.0924,79.2,63,100,1.25
346,Bardiyah,LY,2022-04-10 01:01:47,31.7561,25.0865,61.25,70,46,7.63
347,Suhbaatar,MN,2022-04-10 01:01:48,50.2314,106.2078,37.87,60,100,3.58
348,Gold Coast,AU,2022-04-10 01:00:13,-28.0,153.4333,83.25,76,75,10.36
349,Paamiut,GL,2022-04-10 01:01:48,61.994,-49.6678,23.77,74,98,7.09
350,Aras,ES,2022-04-10 01:01:49,42.5617,-2.356,39.72,87,0,2.3
351,San Julian,MX,2022-04-10 01:01:49,21.0167,-102.1667,73.06,24,15,9.91
352,Weston,US,2022-04-10 01:01:42,26.1004,-80.3998,70.99,53,0,10.36
353,Huarmey,PE,2022-04-10 01:01:49,-10.0681,-78.1522,69.44,85,100,8.16
354,Desaguadero,PE,2022-04-10 01:01:50,-16.5656,-69.0417,46.6,75,88,2.84
355,Gizo,SB,2022-04-10 01:01:50,-8.103,156.8419,84.45,66,100,2.48
356,Autun,FR,2022-04-10 00:59:23,46.95,4.3,30.79,98,4,0.78
357,Maralal,KE,2022-04-10 01:01:50,1.0968,36.698,59.14,79,7,5.95
358,Mikhaylovka,RU,2022-04-10 01:01:51,50.06,43.2379,41.7,88,14,3.47
359,Lae,PG,2022-04-10 01:01:51,-6.7221,146.9847,78.73,90,100,4.16
360,Vila Velha,BR,2022-04-10 00:57:44,-20.3297,-40.2925,82.35,86,20,9.22
361,Dalby,AU,2022-04-10 01:01:51,-27.1833,151.2667,77.61,51,0,10.58
362,Sitka,US,2022-04-10 00:58:13,57.0531,-135.33,40.77,69,63,6.89
363,Galle,LK,2022-04-10 01:01:52,6.0367,80.217,79.86,80,48,10.0
364,Blagoyevo,RU,2022-04-10 01:01:52,63.3667,47.9167,37.13,99,100,6.22
365,Zarubino,RU,2022-04-10 01:01:52,42.63,131.0922,43.61,77,100,10.58
366,Mar Del Plata,AR,2022-04-10 01:00:06,-38.0023,-57.5575,66.09,95,17,20.0
367,Colares,PT,2022-04-10 01:01:53,38.7992,-9.4469,58.78,77,73,15.99
368,Maltahohe,NA,2022-04-10 01:01:53,-24.8333,16.9833,60.13,70,0,8.32
369,Oranjemund,NA,2022-04-10 01:01:54,-28.55,16.4333,64.96,65,0,6.46
370,Nanortalik,GL,2022-04-10 01:01:54,60.1432,-45.2371,29.95,79,71,3.78
371,Bethel,US,2022-04-10 01:01:54,41.3712,-73.414,46.63,84,10,2.95
372,Manhattan,US,2022-04-10 01:01:04,40.7834,-73.9662,51.82,70,100,8.01
373,Marsa Matruh,EG,2022-04-10 01:01:55,31.3525,27.2453,59.83,76,6,4.16
374,Stephenville,US,2022-04-10 01:01:55,32.2207,-98.2023,81.39,12,0,12.66
375,Santa Rosa,PH,2022-04-10 00:58:34,14.3122,121.1114,86.09,73,72,8.03
376,Aasiaat,GL,2022-04-10 01:02:55,68.7098,-52.8699,0.16,98,94,7.14
377,Ghanzi,BW,2022-04-10 01:02:56,-21.5667,21.7833,60.69,88,100,11.95
378,Port Lincoln,AU,2022-04-10 01:02:56,-34.7333,135.8667,70.9,64,100,8.43
379,Touros,BR,2022-04-10 01:00:42,-5.1989,-35.4608,79.93,84,100,11.3
380,Moengo,SR,2022-04-10 01:02:57,5.6167,-54.4,73.72,97,100,2.53
381,Korla,CN,2022-04-10 01:00:29,41.7597,86.1469,64.51,30,100,7.16
382,Iqaluit,CA,2022-04-10 01:02:57,63.7506,-68.5145,20.93,92,100,5.75
383,The Valley,AI,2022-04-10 01:02:57,18.217,-63.0578,78.1,75,100,17.13
384,Svit,SK,2022-04-10 01:02:58,49.0601,20.2069,31.62,93,0,4.0
385,Puerto Ayora,EC,2022-04-10 01:02:58,-0.7393,-90.3518,78.71,83,24,5.59
386,La Union,PE,2022-04-10 01:02:58,-5.4,-80.75,75.38,64,100,10.22
387,San Isidro,PE,2022-04-10 00:59:01,-12.1167,-77.05,68.5,30,75,5.75
388,Pucara,PE,2022-04-10 01:02:59,-15.9803,-71.4606,40.59,60,100,5.79
389,Srednekolymsk,RU,2022-04-10 01:02:59,67.45,153.6833,1.0,83,100,7.05
390,Leshukonskoye,RU,2022-04-10 01:02:59,64.8989,45.7622,32.79,96,100,4.18
391,Corrales,US,2022-04-10 01:03:00,35.2378,-106.6067,77.41,7,0,25.32
392,Tab,HU,2022-04-10 01:03:00,46.7314,18.032,41.25,65,100,15.14
393,Kantilo,IN,2022-04-10 01:03:00,20.35,85.1833,79.75,70,75,1.66
394,Gat,IL,2022-04-10 01:03:01,31.61,34.7642,64.4,100,1,6.15
395,Sandwick,GB,2022-04-10 01:03:01,60.0,-1.25,37.22,52,100,10.36
396,Amapa,BR,2022-04-10 01:03:01,1.0,-52.0,72.97,99,100,4.18
397,Walvis Bay,NA,2022-04-10 01:03:02,-22.9575,14.5053,62.42,72,0,5.32
398,Ebnat-Kappel,CH,2022-04-10 01:03:02,47.262,9.1247,36.36,89,100,3.8
399,Magadi,IN,2022-04-10 01:03:02,12.9667,77.2333,73.56,79,100,3.09
400,Flinders,AU,2022-04-10 01:03:03,-34.5833,150.8552,77.05,75,23,4.0
401,Hasaki,JP,2022-04-10 01:03:03,35.7333,140.8333,73.29,66,0,4.65
402,Isangel,VU,2022-04-10 01:03:04,-19.55,169.2667,84.85,71,6,12.57
403,Dingle,PH,2022-04-10 00:58:33,10.9995,122.6711,74.86,95,100,2.62
404,Kupang,ID,2022-04-10 01:03:04,-10.1667,123.5833,81.28,72,100,3.94
405,Yershichi,RU,2022-04-10 01:03:04,53.6725,32.7542,37.29,97,100,11.81
406,Saint-Georges,GD,2022-04-10 01:03:05,12.0564,-61.7485,79.21,76,97,15.97
407,South Yuba City,US,2022-04-10 01:03:05,39.1166,-121.6391,76.19,10,0,26.46
408,Khovu-Aksy,RU,2022-04-10 01:03:05,51.1333,93.6,25.75,52,99,11.18
409,Hofn,IS,2022-04-10 01:02:08,64.2539,-15.2082,30.61,60,100,7.49
410,Coquimbo,CL,2022-04-10 01:01:30,-29.9533,-71.3436,61.43,75,1,2.26
411,Honiara,SB,2022-04-10 01:02:13,-9.4333,159.95,87.31,63,84,6.08
412,Manyana,BW,2022-04-10 01:03:06,-23.4,21.7167,59.43,91,100,16.11
413,Tessalit,ML,2022-04-10 01:03:06,20.1986,1.0114,77.31,7,78,9.95
414,Yulara,AU,2022-04-10 01:03:07,-25.2406,130.9889,81.64,17,0,9.46
415,Santa Cruz,BO,2022-04-10 00:59:12,-17.8,-63.1667,80.06,78,40,8.05
416,Great Yarmouth,GB,2022-04-10 01:02:08,52.6083,1.7305,39.94,75,48,6.42
417,Murgab,TM,2022-04-10 01:03:07,37.4966,61.9714,72.09,27,100,9.44
418,Oranjestad,AW,2022-04-10 01:03:08,12.524,-70.027,78.33,86,75,22.28
419,Dunedin,NZ,2022-04-10 01:04:08,-45.8742,170.5036,61.84,54,9,4.9
420,Anamoros,SV,2022-04-10 01:04:08,13.7406,-87.8736,88.75,50,95,7.9
421,Puerto Rondon,CO,2022-04-10 01:04:08,6.2805,-71.1,82.0,55,11,4.61
422,Kinsale,IE,2022-04-10 01:04:09,51.7075,-8.5306,47.23,70,75,14.97
423,Luwuk,ID,2022-04-10 01:04:09,-0.9516,122.7875,84.22,71,100,5.95
424,Tumbes,PE,2022-04-10 01:04:09,-3.5667,-80.4414,76.95,88,100,4.61
425,Taoudenni,ML,2022-04-10 01:04:10,22.6783,-3.9836,74.7,11,0,11.79
426,Rudnogorsk,RU,2022-04-10 01:04:10,57.2639,103.7519,27.99,89,100,3.89
427,Green River,US,2022-04-10 01:04:11,41.5286,-109.4662,48.6,25,90,28.03
428,Acajutla,SV,2022-04-10 01:04:11,13.5928,-89.8275,85.57,53,97,11.92
429,Bonthe,SL,2022-04-10 01:04:11,7.5264,-12.505,78.03,88,11,3.15
430,Kayerkan,RU,2022-04-10 01:04:12,69.3497,87.7602,-4.49,83,95,4.88
431,Ipixuna,BR,2022-04-10 01:04:12,-1.7625,-48.8043,73.67,97,100,5.08
432,Pauini,BR,2022-04-10 01:04:12,-7.7136,-66.9764,74.16,94,88,2.19
433,Aanekoski,FI,2022-04-10 01:04:13,62.6946,25.818,30.85,83,100,12.33
434,Karratha,AU,2022-04-10 01:04:13,-20.7377,116.8463,87.4,34,36,13.29
435,College,US,2022-04-10 01:04:13,64.8569,-147.8028,20.89,40,20,6.91
436,Arman,RU,2022-04-10 01:04:14,59.7,150.1667,25.02,77,73,1.92
437,Saint-Junien,FR,2022-04-10 01:04:14,45.8833,0.9,39.78,93,6,2.71
438,Molango,MX,2022-04-10 01:04:14,20.7833,-98.7167,55.04,63,12,4.54
439,Harper,LR,2022-04-10 01:04:15,4.375,-7.7169,79.92,86,100,4.59
440,Coihaique,CL,2022-04-10 00:59:41,-45.5752,-72.0662,52.41,76,75,5.75
441,Marshfield,US,2022-04-10 01:04:15,44.6689,-90.1718,42.71,45,0,0.0
442,Kununurra,AU,2022-04-10 01:02:19,-15.7667,128.7333,87.78,33,60,4.61
443,Theunissen,ZA,2022-04-10 01:04:16,-28.411,26.7011,53.46,90,100,15.46
444,Atar,MR,2022-04-10 01:04:16,20.5169,-13.0499,75.42,9,0,6.4
445,Itoman,JP,2022-04-10 01:04:16,26.1247,127.6694,77.38,86,75,9.22
446,Victoria,HK,2022-04-10 01:02:37,22.2855,114.1577,77.25,63,0,11.01
447,Moussoro,TD,2022-04-10 01:04:17,13.6408,16.4901,86.0,8,100,11.16
448,Rushden,GB,2022-04-10 01:04:17,52.2914,-0.5992,38.57,69,32,4.21
449,Sumbe,AO,2022-04-10 01:04:17,-11.2061,13.8437,76.8,90,100,2.89
450,La Orilla,MX,2022-04-10 01:04:17,17.9833,-102.2333,78.53,69,100,7.47
451,Port-Gentil,GA,2022-04-10 01:04:18,-0.7193,8.7815,78.53,82,100,7.96
452,Rumoi,JP,2022-04-10 01:04:18,43.9344,141.6428,49.51,69,100,1.81
453,Adre,TD,2022-04-10 01:04:18,13.4667,22.2,81.59,12,97,4.03
454,Serenje,ZM,2022-04-10 01:04:19,-13.2325,30.2352,60.48,95,100,8.57
455,Rockhampton,AU,2022-04-10 01:00:33,-23.3833,150.5,82.29,61,100,17.27
456,Whitehorse,CA,2022-04-10 01:04:19,60.7161,-135.0538,32.02,78,100,5.99
457,Husavik,IS,2022-04-10 01:04:20,66.0449,-17.3389,21.15,85,91,8.68
458,Juneau,US,2022-04-10 01:00:28,58.3019,-134.4197,42.98,62,98,4.23
459,Kushiro,JP,2022-04-10 01:04:20,42.975,144.3747,47.61,72,34,2.82
460,Oystese,NO,2022-04-10 01:04:20,60.3882,6.1925,38.5,95,96,9.73
461,Den Helder,NL,2022-04-10 01:04:21,52.9599,4.7593,42.78,72,40,15.01
462,Zhigalovo,RU,2022-04-10 01:04:21,54.8097,105.1578,32.49,88,100,6.42
463,Cedar Rapids,US,2022-04-10 01:04:21,42.0083,-91.6441,49.33,40,0,3.44
464,Ulaangom,MN,2022-04-10 01:04:22,49.9811,92.0667,31.95,43,90,4.03
465,Broken Hill,AU,2022-04-10 01:05:22,-31.95,141.4333,78.4,36,0,4.12
466,Acapulco,MX,2022-04-10 01:05:22,16.8634,-99.8901,80.42,78,40,8.05
467,Mallaig,CA,2022-04-10 01:05:23,54.2169,-111.3685,33.51,83,100,24.23
468,Upington,ZA,2022-04-10 01:05:23,-28.4478,21.2561,59.9,83,81,7.81
469,Beboto,TD,2022-04-10 01:05:23,8.2668,16.939,81.23,47,100,4.88
470,Tautira,PF,2022-04-10 01:05:24,-17.7333,-149.15,81.64,76,46,17.18
471,Palmer,US,2022-04-10 01:05:24,42.1584,-72.3287,45.77,75,20,8.05
472,Novikovo,RU,2022-04-10 01:05:24,51.1537,37.8879,50.05,81,100,11.36
473,Atasu,KZ,2022-04-10 01:05:25,48.6814,71.6433,42.04,73,99,9.64
474,Aykhal,RU,2022-04-10 01:05:25,66.0,111.5,21.16,81,57,2.89
475,Del Rio,US,2022-04-10 01:05:23,29.3627,-100.8968,84.31,21,0,12.66
476,Ventspils,LV,2022-04-10 01:02:11,57.3894,21.5606,39.13,87,20,14.97
477,Chara,RU,2022-04-10 01:05:25,56.9064,118.2631,17.33,89,99,2.19
478,Eqbaliyeh,IR,2022-04-10 01:05:26,35.3022,51.5358,67.82,36,51,8.99
479,Dzhebariki-Khaya,RU,2022-04-10 01:05:26,62.2167,135.8,26.92,93,100,3.71
480,Kautokeino,NO,2022-04-10 01:05:26,69.0125,23.0412,27.59,95,100,21.85
481,Manavalakurichi,IN,2022-04-10 01:05:27,8.1333,77.3,76.23,87,100,10.87
482,Plainview,US,2022-04-10 01:05:27,40.7765,-73.4673,51.48,69,100,4.61
483,Concarneau,FR,2022-04-10 01:05:27,47.875,-3.9225,38.82,73,31,6.53
484,Xining,CN,2022-04-10 01:05:28,36.6167,101.7667,52.95,16,0,1.66
485,Mendi,PG,2022-04-10 01:05:28,-6.1761,143.6513,69.22,69,85,3.2
486,Ionia,US,2022-04-10 01:05:28,42.9873,-85.0711,37.74,68,100,11.5
487,Dekar,BW,2022-04-10 01:05:29,-21.5333,21.9333,60.44,88,99,10.87
488,Yakeshi,CN,2022-04-10 01:05:29,49.2833,120.7333,43.9,62,1,27.04
489,Sao Lourenco Do Sul,BR,2022-04-10 01:05:29,-31.3653,-51.9783,66.85,91,0,7.34
490,Cordoba,AR,2022-04-10 01:05:30,-31.4135,-64.1811,72.75,79,20,8.05
491,Price,US,2022-04-10 01:01:34,39.5994,-110.8107,60.12,42,0,19.46
492,Belle Fourche,US,2022-04-10 01:05:30,44.6714,-103.8522,49.32,31,50,9.17
493,Vozrozhdeniye,RU,2022-04-10 01:05:30,44.5503,38.2136,48.63,86,68,4.38
494,Ontario,US,2022-04-10 01:02:22,34.0633,-117.6509,86.38,46,0,18.01
495,Sassandra,CI,2022-04-10 01:01:14,4.95,-6.0833,80.31,85,100,7.0
496,Sile,TR,2022-04-10 01:05:31,41.1754,29.6133,61.47,53,0,5.99
497,Colmar,FR,2022-04-10 01:05:31,48.0833,7.3667,40.98,70,0,4.61
498,Gorontalo,ID,2022-04-10 01:01:13,0.5412,123.0595,85.12,67,100,3.22
499,Constitucion,CL,2022-04-10 01:05:31,-35.3333,-72.4167,53.01,93,4,4.56
500,Villa Carlos Paz,AR,2022-04-10 01:02:35,-31.4241,-64.4978,69.39,81,27,3.6
501,Puerto Escondido,MX,2022-04-10 01:05:32,15.85,-97.0667,81.43,74,75,5.75
502,Sungurlu,TR,2022-04-10 01:05:32,40.1675,34.3739,55.92,46,100,4.09
503,Matamoros,MX,2022-04-10 01:00:33,25.5333,-103.25,72.41,42,73,3.94
504,Farafangana,MG,2022-04-10 01:05:33,-22.8167,47.8333,74.48,81,35,7.85
505,Dubai,AE,2022-04-10 01:05:01,25.2582,55.3047,78.73,36,0,5.75
506,Mandeville,JM,2022-04-10 01:05:33,18.0417,-77.5071,69.01,86,83,2.06
507,Channel-Port Aux Basques,CA,2022-04-10 01:05:33,47.5702,-59.1367,36.61,99,100,8.84
508,Tarakan,ID,2022-04-10 01:05:34,3.3,117.6333,81.9,83,75,3.44
509,Quepos,CR,2022-04-10 01:05:34,9.4236,-84.1652,79.21,74,100,3.8
510,Mudgee,AU,2022-04-10 01:05:34,-32.5943,149.5871,69.85,64,40,4.61
511,Pingliang,CN,2022-04-10 01:05:35,35.5392,106.6861,65.3,39,7,2.75
512,Krasnoturansk,RU,2022-04-10 01:05:35,54.3186,91.5639,30.52,85,93,14.36
513,Sayan,PE,2022-04-10 01:06:35,-11.1361,-77.1933,71.04,77,100,2.19
514,Samarai,PG,2022-04-10 01:06:36,-10.6167,150.6667,84.72,74,48,16.71
515,Alakurtti,RU,2022-04-10 01:06:36,66.9672,30.3491,20.8,96,65,5.91
516,Manaus,BR,2022-04-10 01:06:36,-3.1019,-60.025,77.49,88,0,3.44
517,Owosso,US,2022-04-10 01:02:44,42.9978,-84.1766,38.16,72,100,9.22
518,Puri,IN,2022-04-10 01:06:37,19.8,85.85,81.12,86,90,18.84
519,Gejiu,CN,2022-04-10 01:06:37,23.306,103.1635,55.74,71,7,4.72
520,Placido De Castro,BR,2022-04-10 01:06:37,-10.3353,-67.1856,74.34,97,100,1.83
521,Phangnga,TH,2022-04-10 01:06:38,8.4509,98.5298,80.64,87,6,1.23
522,Ratnagiri,IN,2022-04-10 01:05:49,16.9833,73.3,79.27,84,75,1.59
523,Aranos,NA,2022-04-10 01:06:38,-24.1333,19.1167,63.3,76,0,4.29
524,Katima Mulilo,NA,2022-04-10 01:06:39,-17.5,24.2667,63.32,86,100,4.72
525,Jacareacanga,BR,2022-04-10 01:06:39,-6.2222,-57.7528,73.22,98,19,1.61
526,Karlskrona,SE,2022-04-10 01:06:39,56.1616,15.5866,37.85,75,100,18.37
527,Biak,ID,2022-04-10 01:06:40,-0.9131,122.8766,81.82,72,100,6.26
528,Hualmay,PE,2022-04-10 01:05:47,-11.0964,-77.6139,68.65,86,96,8.03
529,Naze,JP,2022-04-10 01:06:40,28.3667,129.4833,66.27,86,97,10.31
530,Dosso,NE,2022-04-10 01:06:40,13.049,3.1937,89.42,28,85,6.76
531,Alice Springs,AU,2022-04-10 01:06:41,-23.7,133.8833,81.95,21,4,10.36
532,Kalabo,ZM,2022-04-10 01:06:41,-14.97,22.6814,64.38,97,100,4.23
533,Kutahya,TR,2022-04-10 01:06:41,39.4242,29.9833,49.19,63,5,5.17
534,Kudahuvadhoo,MV,2022-04-10 01:06:42,2.6708,72.8944,84.13,66,80,10.49
535,Tongren,CN,2022-04-10 01:06:42,27.7172,109.1853,70.74,72,23,3.87
536,Tuburan,PH,2022-04-10 01:06:42,6.6439,122.2736,82.56,76,100,11.12
537,Niihama,JP,2022-04-10 01:06:43,33.9593,133.3167,62.73,65,22,3.76
538,Merauke,ID,2022-04-10 01:06:43,-8.4667,140.3333,81.7,78,100,6.08
539,Guerrero Negro,MX,2022-04-10 01:06:44,27.9769,-114.0611,70.66,63,0,15.03
540,Tianjin,CN,2022-04-10 01:06:44,39.1422,117.1767,62.55,67,9,2.24
541,Mattru,SL,2022-04-10 01:06:44,7.6244,-11.8332,77.47,88,100,2.93
542,Taltal,CL,2022-04-10 01:02:08,-25.4,-70.4833,63.79,77,10,4.74
543,Poya,NC,2022-04-10 01:06:45,-21.35,165.15,80.65,77,73,9.33
544,Miri,MY,2022-04-10 01:06:45,4.4148,114.0089,75.34,93,100,9.62
545,Rusape,ZW,2022-04-10 01:06:45,-18.5278,32.1284,58.55,97,100,7.34
546,Hambantota,LK,2022-04-10 01:06:46,6.1241,81.1185,73.74,100,20,1.14
547,Vila,PT,2022-04-10 01:06:46,42.0304,-8.1588,45.48,91,100,4.29
548,Ban Pong,TH,2022-04-10 01:06:46,13.8163,99.8774,85.21,46,98,3.33
549,Bharuch,IN,2022-04-10 01:06:47,21.7,72.9667,81.32,32,5,3.53
550,Port Moresby,PG,2022-04-10 01:06:47,-9.4431,147.1797,85.39,70,75,8.68
551,Chabahar,IR,2022-04-10 01:06:47,25.2919,60.643,81.23,56,0,10.76
552,Cayenne,GF,2022-04-10 01:06:48,4.9333,-52.3333,82.09,1,75,8.05
553,Ocean City,US,2022-04-10 01:06:48,39.2776,-74.5746,52.02,63,93,1.01
554,Deputatskiy,RU,2022-04-10 01:07:48,69.3,139.9,-2.29,79,9,2.68
555,Vila Franca Do Campo,PT,2022-04-10 01:07:49,37.7167,-25.4333,55.81,74,63,22.62
556,Orlik,RU,2022-04-10 01:07:49,52.5178,99.825,15.48,80,100,0.51
557,Drovyanaya,RU,2022-04-10 01:07:49,51.5833,113.0333,31.42,95,100,7.49
558,Patrocinio,BR,2022-04-10 01:07:50,-18.9439,-46.9925,67.77,86,99,1.01
559,Warrington,GB,2022-04-10 01:07:50,53.3925,-2.5802,36.99,83,0,4.61
560,Doctor Arroyo,MX,2022-04-10 01:07:50,23.6667,-100.1833,65.77,48,69,8.1
561,Palaiokhorion,GR,2022-04-10 01:07:51,40.95,24.1833,57.58,85,89,3.38
562,Mingaora,PK,2022-04-10 01:07:51,34.7758,72.3625,64.47,36,0,8.93
563,Tromso,NO,2022-04-10 01:07:51,69.6496,18.957,35.62,87,75,6.91
564,Belmonte,BR,2022-04-10 01:07:51,-15.8631,-38.8828,77.58,79,40,5.32
565,Namibe,AO,2022-04-10 01:07:52,-15.1961,12.1522,71.15,78,7,5.01
566,Chalons-En-Champagne,FR,2022-04-10 01:07:52,48.9539,4.3672,36.63,96,4,2.1
567,Boffa,GN,2022-04-10 01:07:52,10.1667,-14.0333,78.51,89,10,3.24
568,Broome,US,2022-04-10 01:07:53,42.2506,-75.833,43.68,76,100,4.61
569,Sao Felix Do Xingu,BR,2022-04-10 01:07:53,-6.6447,-51.995,72.95,98,100,1.5
570,Isilkul,RU,2022-04-10 01:07:53,54.9109,71.2728,31.98,80,11,7.58
571,Kabanjahe,ID,2022-04-10 01:07:54,3.1001,98.4908,67.41,86,93,1.1
572,La Ronge,CA,2022-04-10 01:04:37,55.1001,-105.2842,36.95,86,81,11.48
573,Cornelius,US,2022-04-10 01:07:54,35.4868,-80.8601,46.62,55,100,14.97
574,Russell,US,2022-04-10 01:07:54,32.3502,-85.1999,55.0,71,0,0.0
575,Veseloyarsk,RU,2022-04-10 01:07:55,51.2836,81.1056,33.06,76,5,4.61
576,Opuwo,NA,2022-04-10 01:07:55,-18.0607,13.84,68.61,44,0,3.96
577,Tazovskiy,RU,2022-04-10 01:07:55,67.4667,78.7,-16.89,100,90,5.01
578,Laramie,US,2022-04-10 01:07:56,41.3114,-105.5911,47.95,71,100,28.77
579,Tezu,IN,2022-04-10 01:03:20,27.9167,96.1667,73.27,67,100,0.25
580,Te Anau,NZ,2022-04-10 01:03:34,-45.4167,167.7167,62.46,49,12,2.24
581,Port Hardy,CA,2022-04-10 01:07:56,50.6996,-127.4199,39.78,75,100,14.63
582,Chistoye,RU,2022-04-10 01:07:57,56.5375,43.0045,39.38,99,88,5.82
